{
  "Ansi 0 Color" : {
    "Red Component" : 0.062745098039215685,
    "Color Space" : "sRGB",
    "Blue Component" : 0.13725490196078433,
    "Green Component" : 0.054901960784313725
  },
  "Tags" : [

  ],
  "Ansi 12 Color" : {
    "Red Component" : 0.396078431372549,
    "Color Space" : "sRGB",
    "Blue Component" : 1,
    "Green Component" : 0.69803921568627447
  },
  "Ansi 7 Color" : {
    "Red Component" : 0.79607843137254897,
    "Color Space" : "sRGB",
    "Blue Component" : 0.90588235294117647,
    "Green Component" : 0.8901960784313725
  },
  "Draw Powerline Glyphs" : true,
  "Bold Color" : {
    "Red Component" : 0.79607843137254897,
    "Color Space" : "sRGB",
    "Blue Component" : 0.90588235294117647,
    "Green Component" : 0.8901960784313725
  },
  "Ansi 8 Color" : {
    "Red Component" : 0.33725490196078434,
    "Color Space" : "sRGB",
    "Blue Component" : 0.45882352941176469,
    "Green Component" : 0.33333333333333331
  },
  "Ansi 9 Color" : {
    "Red Component" : 1,
    "Color Space" : "sRGB",
    "Blue Component" : 0.34509803921568627,
    "Green Component" : 0.32941176470588235
  },
  "Link Color" : {
    "Red Component" : 0,
    "Color Space" : "sRGB",
    "Blue Component" : 0.73423302173614502,
    "Alpha Component" : 1,
    "Green Component" : 0.35916060209274292
  },
  "Rows" : 25,
  "Default Bookmark" : "No",
  "Guid" : "72B66F96-DE4D-456F-A602-3AD07C107364",
  "Cursor Guide Color" : {
    "Red Component" : 0.70213186740875244,
    "Color Space" : "sRGB",
    "Blue Component" : 1,
    "Alpha Component" : 0.25,
    "Green Component" : 0.9268307089805603
  },
  "Non-ASCII Anti Aliased" : true,
  "Use Bright Bold" : true,
  "Ansi 10 Color" : {
    "Red Component" : 0.3843137254901961,
    "Color Space" : "sRGB",
    "Blue Component" : 0.58823529411764708,
    "Green Component" : 0.81960784313725488
  },
  "Use Cursor Guide" : false,
  "Ambiguous Double Width" : false,
  "Jobs to Ignore" : [
    "rlogin",
    "ssh",
    "slogin",
    "telnet"
  ],
  "Ansi 15 Color" : {
    "Red Component" : 0.65098039215686276,
    "Color Space" : "sRGB",
    "Blue Component" : 0.80000000000000004,
    "Green Component" : 0.70196078431372544
  },
  "Foreground Color" : {
    "Red Component" : 0.79607843137254897,
    "Color Space" : "sRGB",
    "Blue Component" : 0.90588235294117647,
    "Green Component" : 0.8901960784313725
  },
  "Working Directory" : "\/Users\/sam",
  "Blinking Cursor" : false,
  "Disable Window Resizing" : true,
  "Sync Title" : false,
  "Prompt Before Closing 2" : false,
  "BM Growl" : true,
  "Mouse Reporting" : true,
  "Command" : "",
  "Description" : "Default",
  "Smart Cursor Color" : false,
  "Screen" : -1,
  "Selection Color" : {
    "Red Component" : 0.56470588235294117,
    "Color Space" : "sRGB",
    "Blue Component" : 1,
    "Green Component" : 0.42352941176470588
  },
  "Columns" : 80,
  "Idle Code" : 0,
  "Ansi 13 Color" : {
    "Red Component" : 0.56470588235294117,
    "Color Space" : "sRGB",
    "Blue Component" : 1,
    "Green Component" : 0.42352941176470588
  },
  "Title Components" : 3,
  "Custom Command" : "No",
  "ASCII Anti Aliased" : true,
  "tmux Pane Title" : "Sam",
  "Non Ascii Font" : "Monaco 12",
  "Vertical Spacing" : 1.1499999999999999,
  "Use Bold Font" : true,
  "Option Key Sends" : 0,
  "Selected Text Color" : {
    "Red Component" : 0.79607843137254897,
    "Color Space" : "sRGB",
    "Blue Component" : 0.90588235294117647,
    "Green Component" : 0.8901960784313725
  },
  "Background Color" : {
    "Red Component" : 0.10588235294117647,
    "Color Space" : "sRGB",
    "Blue Component" : 0.17254901960784313,
    "Green Component" : 0.094117647058823528
  },
  "Character Encoding" : 4,
  "Ansi 11 Color" : {
    "Red Component" : 1,
    "Color Space" : "sRGB",
    "Blue Component" : 0.47058823529411764,
    "Green Component" : 0.70196078431372544
  },
  "Use Italic Font" : true,
  "Unlimited Scrollback" : false,
  "Keyboard Map" : {
    "0x5e-0x60000" : {
      "Text" : "0x1e",
      "Action" : 11
    },
    "0xf702-0x280000" : {
      "Text" : "b",
      "Action" : 10
    },
    "0xf702-0x260000" : {
      "Text" : "0x1b 0x1b 0x5b 0x44",
      "Action" : 11
    },
    "0xf703-0x280000" : {
      "Text" : "f",
      "Action" : 10
    },
    "0xf702-0x240000" : {
      "Text" : "[5D",
      "Action" : 10
    },
    "0xf70a-0x20000" : {
      "Text" : "[28~",
      "Action" : 10
    },
    "0x2d-0x40000" : {
      "Text" : "0x1f",
      "Action" : 11
    },
    "0xf702-0x220000" : {
      "Text" : "[D",
      "Action" : 10
    },
    "0xf703-0x240000" : {
      "Text" : "[5C",
      "Action" : 10
    },
    "0xf703-0x260000" : {
      "Text" : "[C",
      "Action" : 10
    },
    "0xf700-0x280000" : {
      "Text" : "[A",
      "Action" : 10
    },
    "0xf703-0x220000" : {
      "Text" : "[C",
      "Action" : 10
    },
    "0xf700-0x260000" : {
      "Text" : "[A",
      "Action" : 10
    },
    "0xf701-0x280000" : {
      "Text" : "[B",
      "Action" : 10
    },
    "0xf700-0x240000" : {
      "Text" : "[A",
      "Action" : 10
    },
    "0xf701-0x260000" : {
      "Text" : "[B",
      "Action" : 10
    },
    "0xf700-0x220000" : {
      "Text" : "[A",
      "Action" : 10
    },
    "0xf701-0x240000" : {
      "Text" : "[B",
      "Action" : 10
    },
    "0xf72b-0x20000" : {
      "Text" : "[F",
      "Action" : 10
    },
    "0xf701-0x220000" : {
      "Text" : "[B",
      "Action" : 10
    },
    "0xf708-0x20000" : {
      "Text" : "[25~",
      "Action" : 10
    },
    "0xf709-0x20000" : {
      "Text" : "[26~",
      "Action" : 10
    },
    "0xf70b-0x20000" : {
      "Text" : "[29~",
      "Action" : 10
    },
    "0xf72b-0x40000" : {
      "Text" : "",
      "Action" : 4
    },
    "0xf729-0x20000" : {
      "Text" : "[H",
      "Action" : 10
    },
    "0xf729-0x40000" : {
      "Text" : "",
      "Action" : 5
    }
  },
  "Window Type" : 0,
  "Background Image Location" : "",
  "Blur" : false,
  "Badge Color" : {
    "Red Component" : 1,
    "Color Space" : "sRGB",
    "Blue Component" : 0,
    "Alpha Component" : 0.5,
    "Green Component" : 0.1491314172744751
  },
  "Scrollback Lines" : 1000,
  "Send Code When Idle" : false,
  "Close Sessions On End" : true,
  "Terminal Type" : "xterm-256color",
  "Visual Bell" : true,
  "Flashing Bell" : false,
  "Silence Bell" : false,
  "Ansi 14 Color" : {
    "Red Component" : 0.38823529411764707,
    "Color Space" : "sRGB",
    "Blue Component" : 0.94509803921568625,
    "Green Component" : 0.94901960784313721
  },
  "ASCII Ligatures" : true,
  "Name" : "Sam",
  "Cursor Text Color" : {
    "Red Component" : 0.10588235294117647,
    "Color Space" : "sRGB",
    "Blue Component" : 0.17254901960784313,
    "Green Component" : 0.094117647058823528
  },
  "Shortcut" : "",
  "Cursor Color" : {
    "Red Component" : 0.79607843137254897,
    "Color Space" : "sRGB",
    "Blue Component" : 0.90588235294117647,
    "Green Component" : 0.8901960784313725
  },
  "Transparency" : 0,
  "Ansi 1 Color" : {
    "Red Component" : 1,
    "Color Space" : "sRGB",
    "Blue Component" : 0.50196078431372548,
    "Green Component" : 0.50196078431372548
  },
  "Horizontal Spacing" : 1,
  "Ansi 3 Color" : {
    "Red Component" : 1,
    "Color Space" : "sRGB",
    "Blue Component" : 0.66666666666666663,
    "Green Component" : 0.9137254901960784
  },
  "Ansi 4 Color" : {
    "Red Component" : 0.56862745098039214,
    "Color Space" : "sRGB",
    "Blue Component" : 1,
    "Green Component" : 0.8666666666666667
  },
  "Right Option Key Sends" : 0,
  "Use Non-ASCII Font" : false,
  "Ansi 6 Color" : {
    "Red Component" : 0.66666666666666663,
    "Color Space" : "sRGB",
    "Blue Component" : 0.89411764705882357,
    "Green Component" : 1
  },
  "Normal Font" : "DankMono-Regular 14",
  "Ansi 2 Color" : {
    "Red Component" : 0.58431372549019611,
    "Color Space" : "sRGB",
    "Blue Component" : 0.64313725490196083,
    "Green Component" : 1
  },